{
  "global_model": [
    -0.1544171207621188,
    0.1193837842604943,
    0.5984648745824983,
    -0.08319947758670379,
    -0.24696869368963364,
    -0.16701939016915465,
    -0.05332110707203627,
    0.02755024823079828,
    0.2583768754181255,
    0.20192732030368735,
    0.027354497554891728,
    0.24404698161288127,
    0.17796168445915878,
    -0.13988773072015853,
    0.10574011904704117,
    -0.03169655770321555,
    -0.05681460587639381,
    0.13982545067285468,
    -0.1544005372498579,
    -0.09841265544123871,
    -0.21502704477371376,
    0.29139970737105036,
    -0.21478088590093214,
    0.10396608825562133,
    0.21529503318877102,
    0.05832017150422637,
    -0.2527852632780149,
    -0.2629493902612175,
    0.3227579465830079,
    -0.36284742903169304,
    0.08765043387007483,
    -0.11192554487767066,
    -0.14803671286755682,
    0.2047133554301097,
    -0.17717650827578785,
    -0.09695728477006149,
    0.02129568529136313,
    0.2726244071009787,
    0.18006113414650354,
    0.13711795896985127,
    -0.5017797111380831,
    0.05287236785623717,
    -0.17976006235408232,
    0.06110605675470908,
    0.00475761156224868,
    0.0008379169339188738,
    0.03548797137690343,
    0.1233922731741676,
    0.1162564440277333,
    -0.16444059308402514,
    0.07676188167338784,
    0.32339709193838495,
    0.05342543367288109,
    0.08946607619583011,
    -0.021869095926732817,
    -0.15655246386638638,
    0.27349047570619645,
    0.3386686010337346,
    -0.3001653777837731,
    0.2584081473225874,
    0.06289967981678507,
    -0.285971999387773,
    -0.083827172639367,
    -0.2756286551307316
  ],
  "aggregation": "fedopt",
  "rounds": [
    {
      "round_num": 1,
      "num_updates": 5,
      "global_loss": 16.99212498450365,
      "global_accuracy": 0.05609915403846675,
      "timestamp": "2026-04-21T14:55:43.530894+00:00"
    }
  ],
  "stats": {
    "total_rounds": 1,
    "current_global_loss": 16.99212498450365,
    "current_global_accuracy": 0.05609915403846675,
    "num_clients_last_round": 5,
    "aggregation_method": "fedopt",
    "privacy_budget_epsilon": 4.0,
    "privacy_budget_delta": 1e-05,
    "gradient_compression_bits": 8,
    "model_dim": 64
  }
}