{
  "global_model": [
    0.5056384527014095,
    0.2450319152907364,
    0.27678939444754896,
    0.10792264821332077,
    -0.24873229139417474,
    -0.3848610563012396,
    -0.7604695536460644,
    0.3493536628720204,
    0.532291757592299,
    -0.4196014946185932,
    0.7676653848311837,
    0.1874680080982983,
    -0.10709915509324369,
    -0.37473899603011107,
    0.17416993046587093,
    -0.49180254903403386,
    0.02527720950131663,
    0.23980621866666008,
    -0.49370081711458536,
    -0.3597347193098678,
    -0.7225752249515032,
    0.29673781632413176,
    0.28460967304174783,
    0.1765766575210316,
    -0.0874784091282645,
    -0.6987782031279732,
    0.3092515086943536,
    -1.607902116642328,
    -0.7846466421833653,
    1.3596386368292346,
    -1.5733965096898859,
    0.017182471562084467,
    0.28043070280944676,
    -0.551642917127243,
    0.41269123386448536,
    0.12233741779654707,
    -0.35331691543351634,
    0.23246380487249155,
    -0.16029873758427932,
    -0.2557204416695186,
    -0.031041292657449426,
    0.18592414192868606,
    0.5406597591092704,
    -0.8999164382258272,
    -0.5290494454684855,
    -0.1667807558613234,
    -1.138004587808688,
    0.042165889673965756,
    -0.22967325738001115,
    0.8393826373837808,
    0.10636959086626244,
    -0.19093748855845336,
    0.00664386337108952,
    0.17219525340028205,
    -0.24957533670399915,
    -0.49459363363050457,
    -0.998881049998317,
    -0.558067588931928,
    -0.17109096870364532,
    0.08038564751531692,
    -0.19804120136136852,
    0.37903937224823614,
    0.5368467115691006,
    -0.4061630971411825
  ],
  "aggregation": "fedopt",
  "server_m": [
    -0.003323764888941974,
    0.010682515497260093,
    -0.03659040308483899,
    0.00886974272301326,
    -0.018071357175149124,
    0.0147610032838136,
    0.053821086532097356,
    -0.022604002778184452,
    -0.025711979151036582,
    0.024421994972379554,
    -0.034227164698079245,
    -0.00229249704657821,
    0.0023764198261459427,
    0.023285275636080495,
    -0.010839852398528839,
    0.022657402776809575,
    -0.027898816415307035,
    0.009480830666353236,
    0.05035901903791164,
    -0.0008990280075504343,
    0.03393679466052207,
    0.016014525820859767,
    -0.021470879503231597,
    0.018933033653888327,
    0.0290374911902745,
    0.039297710662515806,
    0.00397897388147244,
    0.05717354354574944,
    0.006753324567256741,
    -0.07565901182014084,
    0.06733927420307544,
    -0.01970796434036807,
    0.006653007405609712,
    0.05164053655937931,
    -0.01659361816139835,
    0.011939015784386785,
    -0.012975201892087762,
    -0.03251341288157311,
    0.01945234347027268,
    -0.001366469918991886,
    -0.0042499476763764,
    -0.04740303725952526,
    -0.03687739446041078,
    0.05071961567998068,
    0.014575267682090677,
    0.015071065084047097,
    0.051981724145356706,
    0.011204828158585265,
    0.022675947159026738,
    -0.05052482949993005,
    -0.02007444452196218,
    0.019606834857524083,
    0.023655463070760566,
    0.00894810154375007,
    0.004952881944670459,
    0.016166266300746635,
    0.044067446098216514,
    0.032447317407062484,
    0.006480478896830589,
    -0.0060813407619663435,
    0.004689146043403586,
    -0.0325421931474392,
    -0.04732220726510857,
    0.04939461167567386
  ],
  "server_v": [
    1.5756082546906433e-05,
    1.1054265784425084e-05,
    4.9398106851841554e-05,
    1.015319336649297e-05,
    1.494622633708071e-05,
    1.5718327813851996e-05,
    9.873086699835661e-05,
    2.3496267171873722e-05,
    6.040026106912733e-05,
    3.5108585874078056e-05,
    3.850615322991427e-05,
    1.183273833571609e-05,
    7.280035364347782e-06,
    1.924706069195395e-05,
    2.571965999563547e-05,
    3.553242387203122e-05,
    3.459428949679825e-05,
    1.1608365930986113e-05,
    0.00010308042921976168,
    4.20823875537742e-06,
    3.7836428338647613e-05,
    1.9291084643658356e-05,
    2.7226967513036033e-05,
    2.0673658777037763e-05,
    4.750978569639363e-05,
    6.130633619966846e-05,
    7.167169050444487e-06,
    0.00010917860660007226,
    3.419516192699625e-05,
    0.00017973229830244817,
    0.00014706393890052703,
    1.290725214009843e-05,
    1.8999455327383286e-05,
    9.650866725230941e-05,
    1.983738398625072e-05,
    7.602035238907448e-06,
    3.948398373966021e-05,
    3.695789672247706e-05,
    2.2494482998026054e-05,
    2.9853043854405632e-05,
    5.594295706153303e-06,
    8.075340157818122e-05,
    5.2806915208730804e-05,
    8.01121521784476e-05,
    2.013664885207647e-05,
    1.069823407250519e-05,
    8.03017656195247e-05,
    3.468897829088784e-05,
    3.032023946750703e-05,
    7.86954600050755e-05,
    2.460698456972837e-05,
    4.8983889420075914e-05,
    2.1357286238096755e-05,
    1.640039764598886e-05,
    5.482548033670754e-06,
    3.181122063771196e-05,
    9.694059144769849e-05,
    6.0176116006938316e-05,
    1.2067428653202079e-05,
    8.208915563041926e-06,
    4.1493472869687245e-06,
    4.054575351144163e-05,
    8.341188335670478e-05,
    7.989368059332763e-05
  ],
  "server_t": 5,
  "rounds": [
    {
      "round_num": 1,
      "num_updates": 0,
      "global_loss": 17.2139745938557,
      "global_accuracy": 0.055714617939831575,
      "timestamp": "2026-04-21T14:57:37.459549+00:00"
    },
    {
      "round_num": 2,
      "num_updates": 0,
      "global_loss": 20.356430201445352,
      "global_accuracy": 0.04797740002303116,
      "timestamp": "2026-04-21T15:00:01.703019+00:00"
    },
    {
      "round_num": 3,
      "num_updates": 0,
      "global_loss": 22.407730589406015,
      "global_accuracy": 0.04299079414381629,
      "timestamp": "2026-04-21T15:07:01.386633+00:00"
    },
    {
      "round_num": 4,
      "num_updates": 0,
      "global_loss": 26.300107613723824,
      "global_accuracy": 0.036796251941502954,
      "timestamp": "2026-04-21T15:07:40.384817+00:00"
    },
    {
      "round_num": 5,
      "num_updates": 0,
      "global_loss": 27.76977807238368,
      "global_accuracy": 0.035062315700485874,
      "timestamp": "2026-04-21T15:09:40.153198+00:00"
    },
    {
      "round_num": 6,
      "num_updates": 6,
      "global_loss": 31.289168658256855,
      "global_accuracy": 0.03136872093817025,
      "timestamp": "2026-04-21T15:25:43.548924+00:00"
    }
  ],
  "stats": {
    "total_rounds": 6,
    "current_global_loss": 31.289168658256855,
    "current_global_accuracy": 0.03136872093817025,
    "num_clients_last_round": 6,
    "aggregation_method": "fedopt",
    "privacy_budget_epsilon": 4.0,
    "privacy_budget_delta": 1e-05,
    "gradient_compression_bits": 8,
    "model_dim": 64
  }
}