{
  "global_model": [
    0.21122614808894002,
    0.3744931984605161,
    0.21509487603141383,
    0.0989014672449088,
    -0.10006456680458961,
    -0.10510347144602916,
    -0.9543963869590446,
    0.4003883610389808,
    0.5176913573647752,
    -0.39915583974337215,
    0.4125336513600717,
    0.34628967378655034,
    -0.5038965962648679,
    -0.7531847322618483,
    0.4696186884030927,
    -0.5069197514848839,
    0.2979758875997035,
    0.30791704868461645,
    -0.34377469679736694,
    -0.47630745678431075,
    -0.2237411339807311,
    0.6497399496585152,
    0.46699026754969974,
    -0.14469884386683682,
    0.3984953012626692,
    -0.4314610750748291,
    0.25337378864321825,
    -2.0877854075353177,
    -1.132090914972692,
    1.490138104087685,
    -1.6734020063222408,
    0.23322230085292214,
    0.5850756866063807,
    -0.22089879912459082,
    0.42922995011172166,
    -0.04202825683752094,
    0.0720684423982581,
    0.5155778379999802,
    -0.24189799619411434,
    0.10787934219240003,
    0.23926064191955349,
    0.03356139486116186,
    0.989519235242142,
    -0.6857938508227636,
    -0.6390573403822157,
    -0.26052541770260684,
    -1.540436619630966,
    0.019732949105034415,
    -0.40826773765412594,
    0.7189633723013451,
    0.4292555987146789,
    -0.2972318772062254,
    -0.19810576898955617,
    0.19066012134884083,
    -0.03444270506322519,
    -0.18979449549630922,
    -0.5837332837006914,
    -0.22129757209135947,
    -0.17202853749501032,
    -0.503558150604431,
    -0.012811605761589157,
    -0.0013254222410999938,
    0.18471610001163247,
    -0.6713059257674241
  ],
  "aggregation": "fedopt",
  "server_m": [
    -0.013673548657521664,
    0.008981568561645234,
    -0.036078968662402566,
    0.004237372103737865,
    -0.01148092953070632,
    0.02033720286148981,
    0.06344155766372721,
    -0.029475018248679208,
    -0.02764273463448529,
    0.030643874146412103,
    -0.045142992228291545,
    -0.013027265182350221,
    0.0062129177668918045,
    0.024324045342022864,
    -0.00830124283590631,
    0.03517553406307925,
    -0.023382838896101897,
    -5.808469844923933e-05,
    0.046675912641198136,
    0.00509323059588083,
    0.04372354041510994,
    0.010247105066566078,
    -0.032706624110472024,
    0.01661754843755636,
    0.032341746436899285,
    0.04883887481082264,
    0.004068008620141173,
    0.08386838743767025,
    0.019002494471275312,
    -0.09595045858676633,
    0.0876890077726113,
    -0.017630009458944395,
    0.005323989106121872,
    0.06503844415001796,
    -0.017762090727596994,
    0.0049067517093209076,
    -0.0072196445688252125,
    -0.03328733181497728,
    0.023992718549613254,
    0.006978015687172252,
    -0.0031438301290928556,
    -0.045170050762153,
    -0.034813344996276675,
    0.06478836629969005,
    0.027821479692154205,
    0.01141094352632894,
    0.06451740896269059,
    0.00584799223859837,
    0.020050291486082453,
    -0.05791712052705353,
    -0.020294657858263034,
    0.020609310744274932,
    0.018741096083381283,
    0.00536640304175714,
    0.005459707849571132,
    0.021465995504093574,
    0.06113381588358633,
    0.03425806089538238,
    0.0056578018905434815,
    -0.004443696691731874,
    0.008292917127662811,
    -0.03504979233993726,
    -0.05284548365652904,
    0.04253408881320781
  ],
  "server_v": [
    2.7151181240995002e-05,
    1.1083241863773162e-05,
    5.0339451026377786e-05,
    1.1545839552719148e-05,
    1.7219268276564987e-05,
    2.0676102882536105e-05,
    0.00012113987615140602,
    3.1811046261556086e-05,
    6.236661924833193e-05,
    4.2580103210400434e-05,
    5.9027031480735976e-05,
    2.3841874317906754e-05,
    8.932616940495391e-06,
    2.0361682721414166e-05,
    2.5905533527679142e-05,
    5.735317729009804e-05,
    3.485763590519392e-05,
    1.8976997522578325e-05,
    0.00010316035435893887,
    7.687810918760612e-06,
    5.51709528099975e-05,
    2.1007322640199467e-05,
    4.510976127190141e-05,
    2.0670808869787306e-05,
    5.131620773109296e-05,
    7.939163941895181e-05,
    7.1837121710065956e-06,
    0.00021412448751048657,
    5.086524289235763e-05,
    0.00025715574947730315,
    0.0002202693442229031,
    1.2895493181242968e-05,
    1.9024507971858688e-05,
    0.00013086679911699823,
    2.0617211331658037e-05,
    1.1003080867870844e-05,
    4.143190926478079e-05,
    3.854121081088311e-05,
    2.667830147816718e-05,
    3.6560052282333115e-05,
    5.6350942345424065e-06,
    8.130131214507658e-05,
    5.301774520925658e-05,
    0.00011666872633153439,
    4.173650560919216e-05,
    1.1151083218689703e-05,
    0.00011167043308593847,
    3.6448958074882755e-05,
    3.0302739992935277e-05,
    9.410400447922201e-05,
    2.507862350742381e-05,
    4.9812936877341233e-05,
    2.19855776378928e-05,
    1.710593414759937e-05,
    5.577488752452241e-06,
    3.6563007218524764e-05,
    0.00014295311503914875,
    6.267172287006107e-05,
    1.2058410757385467e-05,
    8.306695730261262e-06,
    5.803874811494144e-06,
    4.3825063008969815e-05,
    9.384599358693786e-05,
    8.0182834716295e-05
  ],
  "server_t": 6,
  "rounds": [
    {
      "round_num": 1,
      "num_updates": 0,
      "global_loss": 17.2139745938557,
      "global_accuracy": 0.055714617939831575,
      "timestamp": "2026-04-21T14:57:37.459549+00:00"
    },
    {
      "round_num": 2,
      "num_updates": 0,
      "global_loss": 20.356430201445352,
      "global_accuracy": 0.04797740002303116,
      "timestamp": "2026-04-21T15:00:01.703019+00:00"
    },
    {
      "round_num": 3,
      "num_updates": 0,
      "global_loss": 22.407730589406015,
      "global_accuracy": 0.04299079414381629,
      "timestamp": "2026-04-21T15:07:01.386633+00:00"
    },
    {
      "round_num": 4,
      "num_updates": 0,
      "global_loss": 26.300107613723824,
      "global_accuracy": 0.036796251941502954,
      "timestamp": "2026-04-21T15:07:40.384817+00:00"
    },
    {
      "round_num": 5,
      "num_updates": 0,
      "global_loss": 27.76977807238368,
      "global_accuracy": 0.035062315700485874,
      "timestamp": "2026-04-21T15:09:40.153198+00:00"
    },
    {
      "round_num": 6,
      "num_updates": 0,
      "global_loss": 31.289168658256855,
      "global_accuracy": 0.03136872093817025,
      "timestamp": "2026-04-21T15:25:43.548924+00:00"
    },
    {
      "round_num": 7,
      "num_updates": 5,
      "global_loss": 37.24791228367185,
      "global_accuracy": 0.027253454203279653,
      "timestamp": "2026-04-21T15:51:47.061047+00:00"
    }
  ],
  "stats": {
    "total_rounds": 7,
    "current_global_loss": 37.24791228367185,
    "current_global_accuracy": 0.027253454203279653,
    "num_clients_last_round": 5,
    "aggregation_method": "fedopt",
    "privacy_budget_epsilon": 4.0,
    "privacy_budget_delta": 1e-05,
    "gradient_compression_bits": 8,
    "model_dim": 64
  }
}