{
  "global_model": [
    -0.05356633794422388,
    0.31767025352830897,
    -0.02691621512349782,
    -0.13546575064602825,
    -0.04548253694116508,
    -0.06914780277609443,
    0.11772212210184319,
    -0.026431817799324003,
    0.006640711741090127,
    -0.1706257156919749,
    0.28028102471998495,
    0.14757893086886478,
    -0.11878744975126512,
    -0.2656565357743108,
    -0.02848104181263643,
    -0.41427145368841223,
    -0.1553985581861668,
    0.15923181445712123,
    0.09145300371089131,
    -0.22856236734430238,
    -0.11409138435449506,
    -0.11370419437988559,
    -0.011720198799106732,
    -0.13736871322720692,
    -0.16093311926094508,
    -0.1288007317960002,
    0.07435399330648944,
    0.10234531004308534,
    -0.028666715146043166,
    0.22148172887026882,
    0.06679992064832091,
    -0.09891474879832084,
    -0.21806113872967955,
    -0.045707992403336395,
    0.012800094003468609,
    0.04986067893038364,
    -0.06531080922910301,
    0.267401438030344,
    -0.1851788124626802,
    -0.008431368119313408,
    -0.3345650057093069,
    -0.25528984445736086,
    0.4031369016781447,
    0.09267893653300187,
    -0.12279712297819657,
    0.1521871872310087,
    0.15463368905868768,
    -0.26390709666366813,
    0.293979040108282,
    -0.11162644528431223,
    0.04634606605803815,
    0.09712890595514485,
    0.09842988879899038,
    0.26955251887356524,
    0.14682901030716738,
    -0.08591872535026253,
    -0.5827033034595193,
    -0.09300252612056721,
    0.39896184414875446,
    -0.04964587649063798,
    0.09156264201979677,
    -0.03591388909592251,
    -0.07938733387948589,
    0.07621133832289032
  ],
  "aggregation": "fedopt",
  "rounds": [
    {
      "round_num": 1,
      "num_updates": 7,
      "global_loss": 15.040173431328153,
      "global_accuracy": 0.06305111818090979,
      "timestamp": "2026-04-21T14:43:28.879920+00:00"
    }
  ],
  "stats": {
    "total_rounds": 1,
    "current_global_loss": 15.040173431328153,
    "current_global_accuracy": 0.06305111818090979,
    "num_clients_last_round": 7,
    "aggregation_method": "fedopt",
    "privacy_budget_epsilon": 4.0,
    "privacy_budget_delta": 1e-05,
    "gradient_compression_bits": 8,
    "model_dim": 64
  }
}