{
  "global_model": [
    -0.12660455084888655,
    -0.2971586346114766,
    -0.010279348314551634,
    0.11230419077138082,
    -0.376524143959872,
    -0.021780514684097675,
    -0.4266728359641723,
    0.5065559216219475,
    0.603822122146974,
    -0.15139656711148128,
    0.3151980769440358,
    0.033329796520873915,
    -0.25004891837688387,
    -0.08491478919066209,
    -0.11661969560768148,
    0.08141088711045616,
    0.07052277655780437,
    0.0028905208248386684,
    -0.4964937427968606,
    -0.25691337373280687,
    -0.030822793024793946,
    -0.2222850150747009,
    0.2233412860828835,
    -0.43565107115652524,
    -0.2509265769022324,
    -0.31056992241868075,
    -0.10512678403991887,
    -0.2591592165891645,
    0.4083552944620918,
    0.7760407398110595,
    -0.44252081744731514,
    0.27234847835118364,
    0.01999721699949528,
    -0.24919322426702553,
    0.331471353063476,
    0.11978899124601142,
    0.33567368133737313,
    0.5947145451464757,
    -0.20140635989335645,
    -0.17360712029849462,
    -0.0124314989218459,
    0.18852809612690577,
    -0.14519540933938788,
    -0.39605488432335895,
    0.08263337539442936,
    -0.18170327580723275,
    -0.5041375294949973,
    0.2920438157174363,
    -0.26330067658228506,
    0.23112934958453546,
    0.40700356325952547,
    -0.36379348230485214,
    -0.04561635558717602,
    -0.10461061430509999,
    0.2171592770112522,
    -0.34737955800669723,
    -0.049952255631802195,
    0.03656541380178036,
    0.09516519459420938,
    -0.048059671092228404,
    -0.05709403148834513,
    0.16087318017628516,
    0.6771340535354757,
    -0.523050385733194
  ],
  "aggregation": "fedopt",
  "rounds": [
    {
      "round_num": 1,
      "num_updates": 4,
      "global_loss": 17.2139745938557,
      "global_accuracy": 0.055714617939831575,
      "timestamp": "2026-04-21T14:57:37.459549+00:00"
    }
  ],
  "stats": {
    "total_rounds": 1,
    "current_global_loss": 17.2139745938557,
    "current_global_accuracy": 0.055714617939831575,
    "num_clients_last_round": 4,
    "aggregation_method": "fedopt",
    "privacy_budget_epsilon": 4.0,
    "privacy_budget_delta": 1e-05,
    "gradient_compression_bits": 8,
    "model_dim": 64
  }
}