{
  "global_model": [
    0.562245754032576,
    0.8407642798465755,
    0.21206874243978885,
    0.3522606569180943,
    0.04794961461453012,
    -0.1379534949422622,
    -0.7175111569012527,
    0.7066894322698476,
    0.5641367852381899,
    -0.9759849377247043,
    0.28816133628424023,
    0.324219266252082,
    -0.7733467432095269,
    -0.9141339547202654,
    0.44668020325311397,
    -0.6755243176335876,
    0.14503788392487466,
    0.23361779992041581,
    -0.14300355636149947,
    -0.405076103724317,
    -0.0037079751591950483,
    0.021402077556923527,
    0.43220237752985013,
    0.039748828832034844,
    0.5890558456145013,
    -0.3232381088046388,
    0.3747482182066979,
    -2.1579179412821317,
    -1.3163075846709298,
    1.5907965419813908,
    -1.0293841378054363,
    0.3008495660069634,
    0.6685782039974532,
    -0.09381095116835621,
    0.6594639272140116,
    -0.3672624091761246,
    -0.03441842898133239,
    0.48394194455816825,
    0.02097871309749666,
    0.07867267018040267,
    0.14572738241296,
    0.41102542815897497,
    1.0825121991156161,
    -0.8182160588326945,
    -0.3890316740806563,
    -0.08268535011095438,
    -1.1609233223763433,
    0.1257250427403468,
    -0.5991404747900857,
    0.6032646182848034,
    -0.07517891273937588,
    -0.008909438435941108,
    0.2154344263051227,
    0.299846292167869,
    0.20614110061021743,
    0.4617613412146264,
    -0.8180883213416901,
    -0.03657961604395002,
    -0.22117131515245003,
    -0.571696251038118,
    0.13385564356464982,
    0.17297641831146274,
    -0.1195035826085786,
    -0.9724891247033469
  ],
  "aggregation": "fedopt",
  "server_m": [
    -0.02637485681729715,
    -0.013871255972951912,
    -0.03765929088825447,
    -0.001925355007971966,
    -0.018628475835084153,
    0.026613212109843794,
    0.07528646874138424,
    -0.04626373664531147,
    -0.03840919657129278,
    0.04042795085003491,
    -0.050662135146349235,
    -0.023894030530441215,
    0.023170101261880127,
    0.05123405595333019,
    -0.0317944437656468,
    0.05367652380276851,
    -0.02341146201188265,
    -0.020937460009708038,
    0.05696995493072277,
    0.02268961030177269,
    0.04259476068914218,
    -0.013609286434930621,
    -0.03772140114147724,
    0.011592978196636065,
    0.015071231420092495,
    0.05515943016316738,
    -0.0074193014051430264,
    0.12154840802765968,
    0.0573039366365717,
    -0.1168129013826441,
    0.11460515440247282,
    -0.02866622616567012,
    -0.009813418479278975,
    0.06289063352815129,
    -0.020457377337465606,
    0.007992540435490064,
    -0.009997596534013383,
    -0.039113690930043854,
    0.019360722420199022,
    0.002529508356036576,
    -0.010634841772539996,
    -0.0391459605435274,
    -0.057467852809612405,
    0.07277933308721843,
    0.04214128441125786,
    0.016348657506202596,
    0.09576223235798188,
    0.007967858421406569,
    0.04254229211262678,
    -0.06493592852915392,
    -0.03212962596681983,
    0.025111275485172824,
    0.016923939375892465,
    0.00045695963521891116,
    0.0024875732011120596,
    0.012327390965010999,
    0.05917619280185783,
    0.04080191323018963,
    0.012228787855292769,
    0.014488526980766048,
    0.007872026344488987,
    -0.03868048183814194,
    -0.04217714756420067,
    0.05521671863985433
  ],
  "server_v": [
    4.0582763602664375e-05,
    3.673149075535899e-05,
    5.427560364855531e-05,
    1.6560277157375386e-05,
    2.3311457698676652e-05,
    2.6654818612195665e-05,
    0.00015266768346400926,
    6.001726896824551e-05,
    7.723270483701573e-05,
    6.0400558904461724e-05,
    7.398506543881056e-05,
    3.362453872397739e-05,
    2.8423450865852372e-05,
    7.639584526866962e-05,
    6.138389221748332e-05,
    9.310949174583072e-05,
    4.063539363350448e-05,
    4.378246648364836e-05,
    0.00012526019726626368,
    2.7253780202819734e-05,
    6.243407576249275e-05,
    4.886929339238501e-05,
    5.2361358455658746e-05,
    2.5585895152813388e-05,
    5.827167460288176e-05,
    9.268381113022251e-05,
    1.3755803277489098e-05,
    0.0003740723875772581,
    0.0001479652832038064,
    0.00034128138072388897,
    0.00033374561291229555,
    2.7080469550607385e-05,
    3.569347494501956e-05,
    0.00013642890980501606,
    2.266710148174594e-05,
    1.4202053280669326e-05,
    4.255479988987531e-05,
    4.665026097100667e-05,
    2.8129600256016548e-05,
    3.7159980824863705e-05,
    9.427929161916066e-06,
    8.198237531949333e-05,
    0.00010607307388071766,
    0.00013919851657041656,
    6.443855777251793e-05,
    1.4002848115005413e-05,
    0.00021867656693776437,
    3.710788688304686e-05,
    6.844548630266151e-05,
    0.0001119120231392777,
    3.900048907860997e-05,
    6.396356676382418e-05,
    2.218542724110418e-05,
    1.7966221525955563e-05,
    6.7000777332145696e-06,
    4.3091271841778184e-05,
    0.00014801502722640384,
    7.196069177296226e-05,
    1.526446442386534e-05,
    2.7669995997001578e-05,
    9.89859151038145e-06,
    5.185702566376845e-05,
    9.413236419851913e-05,
    0.00010435570984207615
  ],
  "server_t": 8,
  "rounds": [
    {
      "round_num": 1,
      "num_updates": 0,
      "global_loss": 17.2139745938557,
      "global_accuracy": 0.055714617939831575,
      "timestamp": "2026-04-21T14:57:37.459549+00:00"
    },
    {
      "round_num": 2,
      "num_updates": 0,
      "global_loss": 20.356430201445352,
      "global_accuracy": 0.04797740002303116,
      "timestamp": "2026-04-21T15:00:01.703019+00:00"
    },
    {
      "round_num": 3,
      "num_updates": 0,
      "global_loss": 22.407730589406015,
      "global_accuracy": 0.04299079414381629,
      "timestamp": "2026-04-21T15:07:01.386633+00:00"
    },
    {
      "round_num": 4,
      "num_updates": 0,
      "global_loss": 26.300107613723824,
      "global_accuracy": 0.036796251941502954,
      "timestamp": "2026-04-21T15:07:40.384817+00:00"
    },
    {
      "round_num": 5,
      "num_updates": 0,
      "global_loss": 27.76977807238368,
      "global_accuracy": 0.035062315700485874,
      "timestamp": "2026-04-21T15:09:40.153198+00:00"
    },
    {
      "round_num": 6,
      "num_updates": 0,
      "global_loss": 31.289168658256855,
      "global_accuracy": 0.03136872093817025,
      "timestamp": "2026-04-21T15:25:43.548924+00:00"
    },
    {
      "round_num": 7,
      "num_updates": 0,
      "global_loss": 37.24791228367185,
      "global_accuracy": 0.027253454203279653,
      "timestamp": "2026-04-21T15:51:47.061047+00:00"
    },
    {
      "round_num": 8,
      "num_updates": 0,
      "global_loss": 38.08950986266379,
      "global_accuracy": 0.025997703609227124,
      "timestamp": "2026-04-21T16:00:01.847114+00:00"
    },
    {
      "round_num": 9,
      "num_updates": 7,
      "global_loss": 38.28825469185523,
      "global_accuracy": 0.02637272077170134,
      "timestamp": "2026-04-21T17:00:01.877401+00:00"
    }
  ],
  "stats": {
    "total_rounds": 9,
    "current_global_loss": 38.28825469185523,
    "current_global_accuracy": 0.02637272077170134,
    "num_clients_last_round": 7,
    "aggregation_method": "fedopt",
    "privacy_budget_epsilon": 4.0,
    "privacy_budget_delta": 1e-05,
    "gradient_compression_bits": 8,
    "model_dim": 64
  }
}