{
  "global_model": [
    0.11017417160798568,
    -0.17792076337324808,
    0.624075220014197,
    0.09288703121329706,
    0.10869871489970215,
    -0.4272939375937472,
    -0.6799208370273038,
    0.33069465747870663,
    0.14337450544028452,
    -0.4413928389953593,
    0.612518853577502,
    0.0224168941961721,
    -0.09927775149821523,
    -0.31478904591109474,
    -0.3133101945924389,
    -0.4617700882766634,
    0.3396052331000924,
    0.08262710147352885,
    -0.5499845183374508,
    0.05891608212453997,
    -0.381437480918289,
    -0.2410357593757353,
    -0.02441910527193722,
    -0.04532199784175195,
    0.05323351931664019,
    -0.729549618803399,
    -0.09183716788475756,
    -1.0003514312441697,
    -0.15698172352631734,
    0.9323417645575987,
    -1.028763417036891,
    0.2878786385252895,
    0.10740037042753403,
    -0.7419037022199655,
    0.2835275600243755,
    -0.1745341297737466,
    0.2763830694030822,
    0.24043934393823702,
    -0.2904347677237731,
    0.009597107603227115,
    -0.0259747453588921,
    0.6777991342615897,
    0.7076396465383523,
    -0.6034837240718709,
    -0.48148625073559903,
    -0.14391326098067114,
    -0.6362605435045848,
    -0.3540603556614573,
    -0.11280753299433635,
    0.6988694793272744,
    0.3322562124812503,
    -0.059801039712582105,
    -0.07365377252714331,
    0.076349497505285,
    -0.35240802073186384,
    -0.6396590722046835,
    -0.7139616804658316,
    -0.641726414833234,
    -0.02266939786209976,
    0.058701922026099015,
    0.0860148988584144,
    0.5921348273628206,
    0.4634835874468872,
    -0.6410059427247561
  ],
  "aggregation": "fedopt",
  "server_m": [
    0.009222886686598536,
    0.01010577220429361,
    -0.013424122357997018,
    0.006940443801650033,
    -0.003868774522305209,
    0.005067248663084582,
    0.03926382970631724,
    -0.02210416601570397,
    -0.034102478129834725,
    0.003592463862046794,
    -0.013333596074769298,
    -0.008358007321755002,
    -0.0009062295186622435,
    0.019810200663499637,
    -0.014923610852292457,
    0.003826512561295451,
    -0.019942185810656314,
    0.014805826709871715,
    0.02835267094297556,
    0.0004162879366246641,
    0.02094115621865078,
    0.017201998529526325,
    -0.017135693661315874,
    0.02182415519539081,
    0.01839558337097164,
    0.029843569876125697,
    0.00524368566978038,
    0.024843590171736984,
    -0.012875217193225727,
    -0.03483236303384433,
    0.030515247008710826,
    -0.012540663313974236,
    0.015827688398389373,
    0.03858446471788944,
    -0.015336352455327135,
    0.006074425060937006,
    -0.004070756243575566,
    -0.026723982338384265,
    0.013297282385864842,
    0.002117111176599946,
    -0.0035301374610570936,
    -0.020797169427576832,
    -0.015147352797359959,
    0.026379186790310382,
    0.0004438481976484169,
    0.005036258932912823,
    0.03196369759914493,
    -0.012167003187365575,
    0.020505084586829193,
    -0.03329075026670975,
    -0.020856771859122138,
    0.02996456074835342,
    0.008772246050284238,
    -0.002097607945093418,
    0.00029269801047296617,
    0.004490178752361075,
    0.009131492679728785,
    0.016383853625820902,
    -0.003836353691954344,
    0.0026245584513403027,
    0.008409797628787182,
    -0.017441046651869553,
    -0.04221662833641518,
    0.024240475360695984
  ],
  "server_v": [
    9.31335470892472e-06,
    8.050140032180115e-06,
    1.289652261991528e-05,
    6.033651742801845e-06,
    2.6058611771880227e-06,
    8.882736778950427e-06,
    7.15264499584223e-05,
    2.2306238610801673e-05,
    6.025439529426229e-05,
    6.609259430570569e-07,
    8.193572369043894e-06,
    8.323207920545356e-06,
    6.309313967504114e-06,
    1.6307493120940347e-05,
    1.095908793643934e-05,
    1.4431325214156962e-05,
    2.701897750928974e-05,
    9.087874868850765e-06,
    5.8480844251931124e-05,
    3.021002841605863e-06,
    1.8535670143947358e-05,
    1.8219276025417647e-05,
    2.4073716960971127e-05,
    2.029787732291935e-05,
    3.636805709563299e-05,
    4.504649472032422e-05,
    5.068133933076531e-06,
    3.226035654483403e-05,
    1.7923662949513893e-05,
    5.522335757145567e-05,
    4.2945058050792935e-05,
    7.78784286307731e-06,
    1.4855258254560867e-05,
    6.78148524393038e-05,
    1.8639014689500974e-05,
    2.875469924838916e-06,
    1.579543652267698e-05,
    3.0464667956660325e-05,
    1.6861414103157235e-05,
    2.762989918133545e-05,
    5.339362247859233e-06,
    2.586570784755953e-05,
    1.9057906033704958e-05,
    3.152322516459523e-05,
    8.300509174191654e-06,
    3.89000273689498e-06,
    4.267918477981668e-05,
    8.219169341957114e-06,
    2.8338344464872664e-05,
    4.743150269511161e-05,
    1.8083890075258095e-05,
    4.781609723320702e-05,
    5.385536029822834e-06,
    9.290891472296826e-06,
    3.6428387772579025e-07,
    1.4246544605294435e-05,
    1.7186247161241717e-05,
    3.569766406838376e-05,
    6.206387526713219e-06,
    4.201465578725442e-06,
    3.1257502777468473e-06,
    2.0955331593706298e-05,
    7.393551714172262e-05,
    2.4989066492346155e-05
  ],
  "server_t": 3,
  "rounds": [
    {
      "round_num": 1,
      "num_updates": 0,
      "global_loss": 17.2139745938557,
      "global_accuracy": 0.055714617939831575,
      "timestamp": "2026-04-21T14:57:37.459549+00:00"
    },
    {
      "round_num": 2,
      "num_updates": 0,
      "global_loss": 20.356430201445352,
      "global_accuracy": 0.04797740002303116,
      "timestamp": "2026-04-21T15:00:01.703019+00:00"
    },
    {
      "round_num": 3,
      "num_updates": 0,
      "global_loss": 22.407730589406015,
      "global_accuracy": 0.04299079414381629,
      "timestamp": "2026-04-21T15:07:01.386633+00:00"
    },
    {
      "round_num": 4,
      "num_updates": 8,
      "global_loss": 26.300107613723824,
      "global_accuracy": 0.036796251941502954,
      "timestamp": "2026-04-21T15:07:40.384817+00:00"
    }
  ],
  "stats": {
    "total_rounds": 4,
    "current_global_loss": 26.300107613723824,
    "current_global_accuracy": 0.036796251941502954,
    "num_clients_last_round": 8,
    "aggregation_method": "fedopt",
    "privacy_budget_epsilon": 4.0,
    "privacy_budget_delta": 1e-05,
    "gradient_compression_bits": 8,
    "model_dim": 64
  }
}