{
  "global_model": [
    0.29708544010422216,
    0.2479929168036314,
    0.3821433704583411,
    0.15520689799055437,
    0.0336149375628057,
    -0.11774598797343439,
    -0.624844622552408,
    0.19306151062512686,
    0.273726621134023,
    -0.5804764178766029,
    0.995788564442152,
    0.10542245453548878,
    -0.22241606166022504,
    -0.4990332507686761,
    0.3787537489589282,
    -0.514070364825986,
    -0.0012934359248876204,
    0.1513098678404053,
    -0.5960641899800788,
    -0.019870062975592157,
    -0.4632470781530068,
    0.09775469140811571,
    0.3650947566099211,
    0.18230935995778005,
    -0.09988400787978807,
    -0.6426618607766833,
    0.20190878592902983,
    -1.2495010128077715,
    -0.567597209677444,
    1.1452071577287515,
    -1.1793100519736262,
    0.14419254875162585,
    0.10569643546409667,
    -0.6023037950773082,
    0.22760704896121545,
    0.1356893010117533,
    -0.0573759900056402,
    0.22320455981305198,
    -0.32238838530889274,
    -0.21274603440526163,
    0.11478996678396086,
    0.6384280621375072,
    0.73618997000864,
    -1.0266827538155407,
    -0.6486452059421941,
    -0.0523512296254912,
    -0.8169130820500691,
    -0.2228014679655748,
    -0.27253386717408745,
    0.5967332371827317,
    0.13669395035498141,
    -0.1941646649036649,
    -0.3660757532763068,
    -0.006648727498341417,
    -0.4813391812008393,
    -0.6253195844608537,
    -0.9476324534885233,
    -0.3213252203378112,
    -0.2025554072315461,
    0.02729522267308602,
    0.026512831711437812,
    0.45223779004828296,
    0.44892567303406683,
    -0.3912558447488196
  ],
  "aggregation": "fedopt",
  "server_m": [
    0.0025452149355499765,
    0.014183489670284969,
    -0.02503665658635673,
    0.0034330103607320547,
    -0.01055480652434669,
    0.011655998009381892,
    0.04450575977302804,
    -0.021944722769434585,
    -0.02914372634984849,
    0.020947157524228464,
    -0.02399513608725991,
    -0.0016377874733478183,
    -0.000843633641164073,
    0.020772978409800583,
    -0.0037968602013375655,
    0.01299023473027398,
    -0.024033928297501603,
    0.015555108418028357,
    0.034889955653141146,
    0.002235465399164146,
    0.03164391925381052,
    0.018708949753175462,
    -0.019524678706133374,
    0.018917123098930098,
    0.024580132519335628,
    0.03891703423886342,
    0.007997127871716074,
    0.03824271142470553,
    -0.00289830358802139,
    -0.056262335634116575,
    0.05330195500288531,
    -0.016775354321891228,
    0.007791106226840451,
    0.05056836774083759,
    -0.017110447013203262,
    0.012293749029157057,
    -0.01860428575852255,
    -0.029882958365481233,
    0.013402762913267327,
    0.0034862775099918438,
    -0.0029319274181406067,
    -0.03823885613127975,
    -0.024492478627552123,
    0.03590922761146947,
    0.005515183648751294,
    0.010893348882645159,
    0.0409527415309504,
    0.0028464918065850015,
    0.02165426661534354,
    -0.04365996371858826,
    -0.026112841228807332,
    0.02406270450733927,
    0.013952694042450987,
    0.0012190360034244627,
    -0.0020281273105217964,
    0.017298229258617952,
    0.020935650178163068,
    0.029128483258204243,
    -0.0007813429464996638,
    -0.0004418437547053771,
    0.008590506641482218,
    -0.02709569970705667,
    -0.043751345165909346,
    0.04240331965317992
  ],
  "server_v": [
    1.2616484796720413e-05,
    1.0631164173733671e-05,
    2.9666689886219038e-05,
    6.819133891775494e-06,
    7.605860130843867e-06,
    1.3908429472346829e-05,
    7.986071990353437e-05,
    2.2704581542606342e-05,
    6.043392735255036e-05,
    3.2038632220896614e-05,
    2.2573140485984623e-05,
    1.1777523546172101e-05,
    6.303083205226373e-06,
    1.7157780183996236e-05,
    2.0230275078919232e-05,
    2.3530218446103783e-05,
    3.06958507437932e-05,
    9.576016508919356e-06,
    6.720683614041374e-05,
    3.3642418310762886e-06,
    3.489314481006516e-05,
    1.9242507156513427e-05,
    2.573273851348994e-05,
    2.033008636395139e-05,
    4.277031913236074e-05,
    5.954055379730025e-05,
    6.137470142824139e-06,
    5.745659073748903e-05,
    2.5456292421207174e-05,
    0.00011723493200160813,
    0.00010966353987307438,
    1.0792700733202023e-05,
    1.9005573648362067e-05,
    9.284504133820416e-05,
    1.9714483320047383e-05,
    7.533068504395504e-06,
    3.810180927901565e-05,
    3.383469586581365e-05,
    1.7050535109251236e-05,
    2.7852186633678547e-05,
    5.340035008008346e-06,
    6.394836217251655e-05,
    3.083250646036428e-05,
    4.6297625779257366e-05,
    1.0909268053994156e-05,
    7.931983337727257e-06,
    5.748493627887253e-05,
    2.7246104503616572e-05,
    2.9333808041793858e-05,
    6.614838191657267e-05,
    2.3455930433845484e-05,
    4.8612416148537e-05,
    9.049690223273946e-06,
    1.0246872874090736e-05,
    8.890422639482353e-07,
    3.180728426784725e-05,
    3.334205005317103e-05,
    5.6349078438855446e-05,
    6.913805779274929e-06,
    4.983475632633686e-06,
    3.22700932288244e-06,
    3.392754401889135e-05,
    7.717517230719711e-05,
    6.734608894191029e-05
  ],
  "server_t": 4,
  "rounds": [
    {
      "round_num": 1,
      "num_updates": 0,
      "global_loss": 17.2139745938557,
      "global_accuracy": 0.055714617939831575,
      "timestamp": "2026-04-21T14:57:37.459549+00:00"
    },
    {
      "round_num": 2,
      "num_updates": 0,
      "global_loss": 20.356430201445352,
      "global_accuracy": 0.04797740002303116,
      "timestamp": "2026-04-21T15:00:01.703019+00:00"
    },
    {
      "round_num": 3,
      "num_updates": 0,
      "global_loss": 22.407730589406015,
      "global_accuracy": 0.04299079414381629,
      "timestamp": "2026-04-21T15:07:01.386633+00:00"
    },
    {
      "round_num": 4,
      "num_updates": 0,
      "global_loss": 26.300107613723824,
      "global_accuracy": 0.036796251941502954,
      "timestamp": "2026-04-21T15:07:40.384817+00:00"
    },
    {
      "round_num": 5,
      "num_updates": 5,
      "global_loss": 27.76977807238368,
      "global_accuracy": 0.035062315700485874,
      "timestamp": "2026-04-21T15:09:40.153198+00:00"
    }
  ],
  "stats": {
    "total_rounds": 5,
    "current_global_loss": 27.76977807238368,
    "current_global_accuracy": 0.035062315700485874,
    "num_clients_last_round": 5,
    "aggregation_method": "fedopt",
    "privacy_budget_epsilon": 4.0,
    "privacy_budget_delta": 1e-05,
    "gradient_compression_bits": 8,
    "model_dim": 64
  }
}