{
  "global_model": [
    -0.32213546404546445,
    0.22671639425305867,
    0.08437783462703266,
    0.13465138371126692,
    0.03481924293176016,
    0.4187397455971215,
    0.02183538819806401,
    0.29856520090277205,
    -0.1771078851480034,
    0.22797443624360553,
    0.12760714430207704,
    0.12522710956756497,
    0.10071332010586145,
    0.07366361336862398,
    -0.1179242850941957,
    -0.09425333467068414,
    -0.022483028750254902,
    -0.04896790187908718,
    0.10328881677776894,
    0.1865918232251711,
    0.14755531496746044,
    -0.2364299592586394,
    0.05513076313334575,
    -0.008833147736571458,
    -0.31491183136328915,
    0.08276759924701417,
    0.1818884159691295,
    -0.03329647990657971,
    -0.2610300355963673,
    0.1065685704364788,
    -0.4297987711055434,
    -0.2364985020003272,
    0.25215724965912883,
    0.07843876182164967,
    -0.32638024840916535,
    0.18431066741378263,
    -0.08482250168079379,
    -0.20879839077166476,
    -0.1674158128309305,
    -0.2504932068386855,
    -0.14166847739754676,
    0.27916539373549515,
    -0.15991675769950378,
    -0.511058003910955,
    -0.20182259501756744,
    0.05535544349538181,
    0.1934385233963241,
    0.05300693587944044,
    0.32761872661438923,
    -0.4330973272843677,
    0.35793498215968755,
    0.13282923582208167,
    0.15186510335254552,
    -0.09151862639091018,
    0.2892934915709884,
    -0.2105454602512563,
    -0.10043347225344114,
    0.6472549963047172,
    0.015346825114573916,
    -0.022848201132403878,
    -0.6858885799050668,
    0.19922392154696006,
    0.03401565061999591,
    -0.012954725508906388
  ],
  "aggregation": "fedopt",
  "rounds": [
    {
      "round_num": 1,
      "num_updates": 5,
      "global_loss": 15.523212594264185,
      "global_accuracy": 0.0623587254641471,
      "timestamp": "2026-04-21T14:37:51.833600+00:00"
    }
  ],
  "stats": {
    "total_rounds": 1,
    "current_global_loss": 15.523212594264185,
    "current_global_accuracy": 0.0623587254641471,
    "num_clients_last_round": 5,
    "aggregation_method": "fedopt",
    "privacy_budget_epsilon": 4.0,
    "privacy_budget_delta": 1e-05,
    "gradient_compression_bits": 8,
    "model_dim": 64
  }
}